specimen_id	target_id	seq	read_count	gene_id	aa_position	ref_codon	ref_aa	codon	aa
specimen1	pfdhfr_1_150	ATGATGGAACAAGTCTGCGACGTTTTCGATATTTATGCCATATGTGCATGTTGTAAGGTTGAAAGCAAAAATGAGGGGAAAAAAAATGAGGTTTTTAATAACTACACATTTAGAGGTCTAGGAAATAAAGGAGTATTACCATGGAAATGTA	5	PF3D7_0417200	51	AAT	N	AAC	N
specimen1	pfdhfr_1_150	ATGATGGAACAAGTCTGCGACGTTTTCGATATTTATGCCATATGTGCATGTTGTAAGGTTGAAAGCAAAAATGAGGGGAAAAAAAATGAGGTTTTTAATAACTACACATTTAGAGGTCTAGGAAATAAAGGAGTATTACCATGGAAATGTA	5	PF3D7_0417200	59	TGT	C	CGT	R
specimen1	pfdhfr_1_150	ATGATGGAACAAGTCTGCGACGTTTTCGATATTTATGCCATATGTGCATGTTGTAAGGTTGAAAGCAAAAATGAGGGGAAAAAAAATGAGGTTTTTAATAACTACACATTTAGAGGTCTAGGAAATAAAGGAGTATTACCATGGAAATGTA	5	PF3D7_0417200	108	AGT	S	AAC	N
specimen1	pfdhps_400_550	ATGATGGAACAAGTCTGCGACGTTTTCGATATTTATGCCATATGTGCATGTTGTAAGGTTGAAAGCAAAAATGAGGGGAAAAAAAATGAGGTTTTTAATAACTACACATTTAGAGGTCTAGGAAATAAAGGAGTATTACCATGGAAATGTA	5	PF3D7_0810800	437	GCC	A	GCC	A
specimen1	pfdhps_400_550	ATGATGGAACAAGTCTGCGACGTTTTCGATATTTATGCCATATGTGCATGTTGTAAGGTTGAAAGCAAAAATGAGGGGAAAAAAAATGAGGTTTTTAATAACTACACATTTAGAGGTCTAGGAAATAAAGGAGTATTACCATGGAAATGTA	5	PF3D7_0810800	540	AAG	K	GAG	E
specimen2	pfdhfr_1_150	ATGATGGAACAAGTCTGCGACGTTTTCGATATTTATGCCATATGTGCATGTTGTAAGGTTGAAAGCAAAAATGAGGGGAAAAAAAATGAGGTTTTTAATAACTACACATTTAGAGGTCTAGGAAATAAAGGAGTATTACCATGGAAATGTA	5	PF3D7_0417200	51	AAT	N	AAC	N
specimen2	pfdhfr_1_150	ATGATGGAACAAGTCTGCGACGTTTTCGATATTTATGCCATATGTGCATGTTGTAAGGTTGAAAGCAAAAATGAGGGGAAAAAAAATGAGGTTTTTAATAACTACACATTTAGAGGTCTAGGAAATAAAGGAGTATTACCATGGAAATGTA	4	PF3D7_0417200	59	TGT	C	TGT	C
specimen2	pfdhfr_1_150	ATGATGGAACAAGTCTGCGACGTTTTCGATATTTATGCCATATGTGCATGTTGTAAGGTTGAAAGCAAAAATGAGGGGAAAAAAAATGAGGTTTTTAATAACTACACATTTAGAGGTCTAGGAAATAAAGGAGTATTACCATGGAAATGTA	1	PF3D7_0417200	59	TGT	C	CGT	R
specimen2	pfdhfr_1_150	ATGATGGAACAAGTCTGCGACGTTTTCGATATTTATGCCATATGTGCATGTTGTAAGGTTGAAAGCAAAAATGAGGGGAAAAAAAATGAGGTTTTTAATAACTACACATTTAGAGGTCTAGGAAATAAAGGAGTATTACCATGGAAATGTA	5	PF3D7_0417200	108	AGT	S	AGC	S
specimen2	pfdhps_400_550	ATGATGGAACAAGTCTGCGACGTTTTCGATATTTATGCCATATGTGCATGTTGTAAGGTTGAAAGCAAAAATGAGGGGAAAAAAAATGAGGTTTTTAATAACTACACATTTAGAGGTCTAGGAAATAAAGGAGTATTACCATGGAAATGTA	5	PF3D7_0810800	437	GCC	A	GGT	G
specimen2	pfdhps_400_550	ATGATGGAACAAGTCTGCGACGTTTTCGATATTTATGCCATATGTGCATGTTGTAAGGTTGAAAGCAAAAATGAGGGGAAAAAAAATGAGGTTTTTAATAACTACACATTTAGAGGTCTAGGAAATAAAGGAGTATTACCATGGAAATGTA	5	PF3D7_0810800	540	AAG	K	GAG	E
specimen3	pfdhfr_1_150	ATGATGGAACAAGTCTGCGACGTTTTCGATATTTATGCCATATGTGCATGTTGTAAGGTTGAAAGCAAAAATGAGGGGAAAAAAAATGAGGTTTTTAATAACTACACATTTAGAGGTCTAGGAAATAAAGGAGTATTACCATGGAAATGTA	5	PF3D7_0417200	51	AAT	N	ATC	I
specimen3	pfdhfr_1_150	ATGATGGAACAAGTCTGCGACGTTTTCGATATTTATGCCATATGTGCATGTTGTAAGGTTGAAAGCAAAAATGAGGGGAAAAAAAATGAGGTTTTTAATAACTACACATTTAGAGGTCTAGGAAATAAAGGAGTATTACCATGGAAATGTA	2	PF3D7_0417200	59	TGT	C	TGT	C
specimen3	pfdhfr_1_150	ATGATGGAACAAGTCTGCGACGTTTTCGATATTTATGCCATATGTGCATGTTGTAAGGTTGAAAGCAAAAATGAGGGGAAAAAAAATGAGGTTTTTAATAACTACACATTTAGAGGTCTAGGAAATAAAGGAGTATTACCATGGAAATGTA	3	PF3D7_0417200	59	TGT	C	CGT	R
specimen3	pfdhfr_1_150	ATGATGGAACAAGTCTGCGACGTTTTCGATATTTATGCCATATGTGCATGTTGTAAGGTTGAAAGCAAAAATGAGGGGAAAAAAAATGAGGTTTTTAATAACTACACATTTAGAGGTCTAGGAAATAAAGGAGTATTACCATGGAAATGTA	5	PF3D7_0417200	108	AGT	S	AGC	S
specimen3	pfdhps_400_550	ATGATGGAACAAGTCTGCGACGTTTTCGATATTTATGCCATATGTGCATGTTGTAAGGTTGAAAGCAAAAATGAGGGGAAAAAAAATGAGGTTTTTAATAACTACACATTTAGAGGTCTAGGAAATAAAGGAGTATTACCATGGAAATGTA	1	PF3D7_0810800	437	GCC	A	GCC	A
specimen3	pfdhps_400_550	ATGATGGAACAAGTCTGCGACGTTTTCGATATTTATGCCATATGTGCATGTTGTAAGGTTGAAAGCAAAAATGAGGGGAAAAAAAATGAGGTTTTTAATAACTACACATTTAGAGGTCTAGGAAATAAAGGAGTATTACCATGGAAATGTA	4	PF3D7_0810800	437	GCC	A	GGT	G
specimen3	pfdhps_400_550	ATGATGGAACAAGTCTGCGACGTTTTCGATATTTATGCCATATGTGCATGTTGTAAGGTTGAAAGCAAAAATGAGGGGAAAAAAAATGAGGTTTTTAATAACTACACATTTAGAGGTCTAGGAAATAAAGGAGTATTACCATGGAAATGTA	5	PF3D7_0810800	540	AAG	K	AAG	K
specimen4	pfdhfr_1_150	ATGATGGAACAAGTCTGCGACGTTTTCGATATTTATGCCATATGTGCATGTTGTAAGGTTGAAAGCAAAAATGAGGGGAAAAAAAATGAGGTTTTTAATAACTACACATTTAGAGGTCTAGGAAATAAAGGAGTATTACCATGGAAATGTA	3	PF3D7_0417200	51	AAT	N	AAT	N
specimen4	pfdhfr_1_150	ATGATGGAACAAGTCTGCGACGTTTTCGATATTTATGCCATATGTGCATGTTGTAAGGTTGAAAGCAAAAATGAGGGGAAAAAAAATGAGGTTTTTAATAACTACACATTTAGAGGTCTAGGAAATAAAGGAGTATTACCATGGAAATGTA	2	PF3D7_0417200	51	AAT	N	ATC	I
specimen4	pfdhfr_1_150	ATGATGGAACAAGTCTGCGACGTTTTCGATATTTATGCCATATGTGCATGTTGTAAGGTTGAAAGCAAAAATGAGGGGAAAAAAAATGAGGTTTTTAATAACTACACATTTAGAGGTCTAGGAAATAAAGGAGTATTACCATGGAAATGTA	2	PF3D7_0417200	59	TGT	C	TGT	C
specimen4	pfdhfr_1_150	ATGATGGAACAAGTCTGCGACGTTTTCGATATTTATGCCATATGTGCATGTTGTAAGGTTGAAAGCAAAAATGAGGGGAAAAAAAATGAGGTTTTTAATAACTACACATTTAGAGGTCTAGGAAATAAAGGAGTATTACCATGGAAATGTA	3	PF3D7_0417200	59	TGT	C	CGT	R
specimen4	pfdhfr_1_150	ATGATGGAACAAGTCTGCGACGTTTTCGATATTTATGCCATATGTGCATGTTGTAAGGTTGAAAGCAAAAATGAGGGGAAAAAAAATGAGGTTTTTAATAACTACACATTTAGAGGTCTAGGAAATAAAGGAGTATTACCATGGAAATGTA	4	PF3D7_0417200	108	AGT	S	AGC	S
specimen4	pfdhfr_1_150	ATGATGGAACAAGTCTGCGACGTTTTCGATATTTATGCCATATGTGCATGTTGTAAGGTTGAAAGCAAAAATGAGGGGAAAAAAAATGAGGTTTTTAATAACTACACATTTAGAGGTCTAGGAAATAAAGGAGTATTACCATGGAAATGTA	1	PF3D7_0417200	108	AGT	S	AAC	N
specimen4	pfdhps_400_550	ATGATGGAACAAGTCTGCGACGTTTTCGATATTTATGCCATATGTGCATGTTGTAAGGTTGAAAGCAAAAATGAGGGGAAAAAAAATGAGGTTTTTAATAACTACACATTTAGAGGTCTAGGAAATAAAGGAGTATTACCATGGAAATGTA	1	PF3D7_0810800	437	GCC	A	GCC	A
specimen4	pfdhps_400_550	ATGATGGAACAAGTCTGCGACGTTTTCGATATTTATGCCATATGTGCATGTTGTAAGGTTGAAAGCAAAAATGAGGGGAAAAAAAATGAGGTTTTTAATAACTACACATTTAGAGGTCTAGGAAATAAAGGAGTATTACCATGGAAATGTA	4	PF3D7_0810800	437	GCC	A	GGT	G
specimen4	pfdhps_400_550	ATGATGGAACAAGTCTGCGACGTTTTCGATATTTATGCCATATGTGCATGTTGTAAGGTTGAAAGCAAAAATGAGGGGAAAAAAAATGAGGTTTTTAATAACTACACATTTAGAGGTCTAGGAAATAAAGGAGTATTACCATGGAAATGTA	3	PF3D7_0810800	540	AAG	K	AAG	K
specimen4	pfdhps_400_550	ATGATGGAACAAGTCTGCGACGTTTTCGATATTTATGCCATATGTGCATGTTGTAAGGTTGAAAGCAAAAATGAGGGGAAAAAAAATGAGGTTTTTAATAACTACACATTTAGAGGTCTAGGAAATAAAGGAGTATTACCATGGAAATGTA	2	PF3D7_0810800	540	AAG	K	GAG	E
